{"licenses": [{"name": "", "id": 0, "url": ""}], "info": {"contributor": "", "date_created": "", "description": "", "url": "", "version": "", "year": ""}, "categories": [{"id": 1, "name": "Chocolate Powder", "supercategory": ""}, {"id": 2, "name": "Yeast", "supercategory": ""}, {"id": 3, "name": "Alcohol Bottle", "supercategory": ""}, {"id": 4, "name": "Banana", "supercategory": ""}, {"id": 5, "name": "Carrot", "supercategory": ""}, {"id": 6, "name": "Apple", "supercategory": ""}, {"id": 7, "name": "Mayonnaise", "supercategory": ""}, {"id": 8, "name": "Ketchup", "supercategory": ""}, {"id": 9, "name": "Soap", "supercategory": ""}, {"id": 10, "name": "Napkin", "supercategory": ""}, {"id": 11, "name": "Toothpaste", "supercategory": ""}, {"id": 12, "name": "Coconut Milk", "supercategory": ""}, {"id": 13, "name": "Grape Juice", "supercategory": ""}, {"id": 14, "name": "Chocolate Milk", "supercategory": ""}, {"id": 15, "name": "Soda can", "supercategory": ""}, {"id": 16, "name": "Beer can", "supercategory": ""}, {"id": 17, "name": "Chocolate", "supercategory": ""}, {"id": 18, "name": "Popcorn", "supercategory": ""}, {"id": 19, "name": "Gelatine", "supercategory": ""}, {"id": 20, "name": "Cracker", "supercategory": ""}], "images": [{"id": 1, "width": 816, "height": 816, "file_name": "image (9).jpg", "license": 0, "flickr_url": "", "coco_url": "", "date_captured": 0}, {"id": 2, "width": 816, "height": 816, "file_name": "image (8).jpg", "license": 0, "flickr_url": "", "coco_url": "", "date_captured": 0}, {"id": 3, "width": 816, "height": 816, "file_name": "image (7).jpg", "license": 0, "flickr_url": "", "coco_url": "", "date_captured": 0}, {"id": 4, "width": 816, "height": 816, "file_name": "image (6).jpg", "license": 0, "flickr_url": "", "coco_url": "", "date_captured": 0}, {"id": 5, "width": 816, "height": 816, "file_name": "image (5).jpg", "license": 0, "flickr_url": "", "coco_url": "", "date_captured": 0}, {"id": 6, "width": 816, "height": 816, "file_name": "image (4).jpg", "license": 0, "flickr_url": "", "coco_url": "", "date_captured": 0}, {"id": 7, "width": 816, "height": 816, "file_name": "image (30).jpg", "license": 0, "flickr_url": "", "coco_url": "", "date_captured": 0}, {"id": 8, "width": 816, "height": 816, "file_name": "image (3).jpg", "license": 0, "flickr_url": "", "coco_url": "", "date_captured": 0}, {"id": 9, "width": 816, "height": 816, "file_name": "image (29).jpg", "license": 0, "flickr_url": "", "coco_url": "", "date_captured": 0}, {"id": 10, "width": 816, "height": 816, "file_name": "image (28).jpg", "license": 0, "flickr_url": "", "coco_url": "", "date_captured": 0}, {"id": 11, "width": 816, "height": 816, "file_name": "image (27).jpg", "license": 0, "flickr_url": "", "coco_url": "", "date_captured": 0}, {"id": 12, "width": 816, "height": 816, "file_name": "image (26).jpg", "license": 0, "flickr_url": "", "coco_url": "", "date_captured": 0}, {"id": 13, "width": 816, "height": 816, "file_name": "image (25).jpg", "license": 0, "flickr_url": "", "coco_url": "", "date_captured": 0}, {"id": 14, "width": 816, "height": 816, "file_name": "image (24).jpg", "license": 0, "flickr_url": "", "coco_url": "", "date_captured": 0}, {"id": 15, "width": 816, "height": 816, "file_name": "image (23).jpg", "license": 0, "flickr_url": "", "coco_url": "", "date_captured": 0}, {"id": 16, "width": 816, "height": 816, "file_name": "image (22).jpg", "license": 0, "flickr_url": "", "coco_url": "", "date_captured": 0}, {"id": 17, "width": 816, "height": 816, "file_name": "image (21).jpg", "license": 0, "flickr_url": "", "coco_url": "", "date_captured": 0}, {"id": 18, "width": 816, "height": 816, "file_name": "image (20).jpg", "license": 0, "flickr_url": "", "coco_url": "", "date_captured": 0}, {"id": 19, "width": 816, "height": 816, "file_name": "image (2).jpg", "license": 0, "flickr_url": "", "coco_url": "", "date_captured": 0}, {"id": 20, "width": 816, "height": 816, "file_name": "image (19).jpg", "license": 0, "flickr_url": "", "coco_url": "", "date_captured": 0}, {"id": 21, "width": 816, "height": 816, "file_name": "image (18).jpg", "license": 0, "flickr_url": "", "coco_url": "", "date_captured": 0}, {"id": 22, "width": 816, "height": 816, "file_name": "image (17).jpg", "license": 0, "flickr_url": "", "coco_url": "", "date_captured": 0}, {"id": 23, "width": 816, "height": 816, "file_name": "image (16).jpg", "license": 0, "flickr_url": "", "coco_url": "", "date_captured": 0}, {"id": 24, "width": 816, "height": 816, "file_name": "image (15).jpg", "license": 0, "flickr_url": "", "coco_url": "", "date_captured": 0}, {"id": 25, "width": 816, "height": 816, "file_name": "image (14).jpg", "license": 0, "flickr_url": "", "coco_url": "", "date_captured": 0}, {"id": 26, "width": 816, "height": 816, "file_name": "image (13).jpg", "license": 0, "flickr_url": "", "coco_url": "", "date_captured": 0}, {"id": 27, "width": 816, "height": 816, "file_name": "image (12).jpg", "license": 0, "flickr_url": "", "coco_url": "", "date_captured": 0}, {"id": 28, "width": 816, "height": 816, "file_name": "image (11).jpg", "license": 0, "flickr_url": "", "coco_url": "", "date_captured": 0}, {"id": 29, "width": 816, "height": 816, "file_name": "image (10).jpg", "license": 0, "flickr_url": "", "coco_url": "", "date_captured": 0}, {"id": 30, "width": 816, "height": 816, "file_name": "image (1).jpg", "license": 0, "flickr_url": "", "coco_url": "", "date_captured": 0}], "annotations": [{"id": 1, "image_id": 1, "category_id": 7, "segmentation": [], "area": 37441.844600000004, "bbox": [282.92, 281.59, 150.89, 248.14], "iscrowd": 0, "attributes": {"occluded": false}}, {"id": 2, "image_id": 1, "category_id": 8, "segmentation": [], "area": 50136.548, "bbox": [536.79, 245.32, 165.2, 303.49], "iscrowd": 0, "attributes": {"occluded": false}}, {"id": 3, "image_id": 2, "category_id": 5, "segmentation": [], "area": 3257.765999999997, "bbox": [721.94, 400.79, 77.4, 42.09], "iscrowd": 0, "attributes": {"occluded": false}}, {"id": 4, "image_id": 2, "category_id": 6, "segmentation": [], "area": 6439.952999999995, "bbox": [651.32, 352.12, 79.3, 81.21], "iscrowd": 0, "attributes": {"occluded": false}}, {"id": 5, "image_id": 2, "category_id": 8, "segmentation": [], "area": 11238.872700000014, "bbox": [583.55, 239.59, 66.91, 167.97], "iscrowd": 0, "attributes": {"occluded": false}}, {"id": 6, "image_id": 2, "category_id": 15, "segmentation": [], "area": 30620.268600000007, "bbox": [456.62, 302.58, 129.89, 235.74], "iscrowd": 0, "attributes": {"occluded": false}}, {"id": 7, "image_id": 2, "category_id": 16, "segmentation": [], "area": 53640.31040000002, "bbox": [229.48, 330.26, 171.88, 312.08], "iscrowd": 0, "attributes": {"occluded": false}}, {"id": 8, "image_id": 2, "category_id": 14, "segmentation": [], "area": 30317.5334, "bbox": [153.22, 212.87, 100.21, 302.54], "iscrowd": 0, "attributes": {"occluded": false}}, {"id": 9, "image_id": 2, "category_id": 13, "segmentation": [], "area": 38113.92399999998, "bbox": [370.73, 171.83, 131.8, 289.18], "iscrowd": 0, "attributes": {"occluded": false}}, {"id": 10, "image_id": 3, "category_id": 14, "segmentation": [], "area": 33464.4746, "bbox": [136.04, 180.42, 104.98, 318.77], "iscrowd": 0, "attributes": {"occluded": false}}, {"id": 11, "image_id": 3, "category_id": 16, "segmentation": [], "area": 60430.70439999999, "bbox": [215.16, 305.45, 181.43, 333.08], "iscrowd": 0, "attributes": {"occluded": false}}, {"id": 12, "image_id": 3, "category_id": 15, "segmentation": [], "area": 33362.279599999994, "bbox": [448.99, 286.36, 140.39, 237.64], "iscrowd": 0, "attributes": {"occluded": false}}, {"id": 13, "image_id": 3, "category_id": 13, "segmentation": [], "area": 39326.7368, "bbox": [364.04, 174.69, 146.12, 269.14], "iscrowd": 0, "attributes": {"occluded": false}}, {"id": 14, "image_id": 3, "category_id": 8, "segmentation": [], "area": 9901.224399999994, "bbox": [591.19, 225.28, 64.04, 154.61], "iscrowd": 0, "attributes": {"occluded": false}}, {"id": 15, "image_id": 3, "category_id": 6, "segmentation": [], "area": 7061.879200000004, "bbox": [652.27, 330.26, 84.08, 83.99], "iscrowd": 0, "attributes": {"occluded": false}}, {"id": 16, "image_id": 3, "category_id": 5, "segmentation": [], "area": 3682.135000000003, "bbox": [731.48, 385.52, 75.5, 48.77], "iscrowd": 0, "attributes": {"occluded": false}}, {"id": 17, "image_id": 4, "category_id": 10, "segmentation": [], "area": 28656.603000000003, "bbox": [417.59, 357.94, 145.06, 197.55], "iscrowd": 0, "attributes": {"occluded": false}}, {"id": 18, "image_id": 4, "category_id": 3, "segmentation": [], "area": 28671.046799999996, "bbox": [242.84, 202.28, 114.62, 250.14], "iscrowd": 0, "attributes": {"occluded": false}}, {"id": 19, "image_id": 4, "category_id": 3, "segmentation": [], "area": 18805.471999999998, "bbox": [78.68, 435.15, 207.2, 90.76], "iscrowd": 0, "attributes": {"occluded": false}}, {"id": 20, "image_id": 4, "category_id": 9, "segmentation": [], "area": 12124.336000000005, "bbox": [222.8, 558.26, 144.2, 84.08], "iscrowd": 0, "attributes": {"occluded": false}}, {"id": 21, "image_id": 4, "category_id": 7, "segmentation": [], "area": 22747.786200000002, "bbox": [688.54, 439.06, 127.46, 178.47], "iscrowd": 0, "attributes": {"occluded": false}}, {"id": 22, "image_id": 5, "category_id": 12, "segmentation": [], "area": 22629.792000000005, "bbox": [426.08, 285.4, 110.8, 204.24], "iscrowd": 0, "attributes": {"occluded": false}}, {"id": 23, "image_id": 5, "category_id": 1, "segmentation": [], "area": 27739.827200000003, "bbox": [231.39, 174.6, 124.16, 223.42], "iscrowd": 0, "attributes": {"occluded": false}}, {"id": 24, "image_id": 5, "category_id": 2, "segmentation": [], "area": 16609.4604, "bbox": [154.08, 432.28, 113.67, 146.12], "iscrowd": 0, "attributes": {"occluded": false}}, {"id": 25, "image_id": 5, "category_id": 7, "segmentation": [], "area": 16767.364800000003, "bbox": [727.76, 228.04, 88.24, 190.02], "iscrowd": 0, "attributes": {"occluded": false}}, {"id": 26, "image_id": 6, "category_id": 7, "segmentation": [], "area": 35582.115000000005, "bbox": [269.56, 273.95, 142.3, 250.05], "iscrowd": 0, "attributes": {"occluded": false}}, {"id": 27, "image_id": 6, "category_id": 8, "segmentation": [], "area": 40592.54239999999, "bbox": [522.47, 226.23, 145.16, 279.64], "iscrowd": 0, "attributes": {"occluded": false}}, {"id": 28, "image_id": 6, "category_id": 2, "segmentation": [], "area": 4652.546999999998, "bbox": [763.07, 347.34, 52.93, 87.9], "iscrowd": 0, "attributes": {"occluded": false}}, {"id": 29, "image_id": 6, "category_id": 1, "segmentation": [], "area": 6778.596000000005, "bbox": [758.3, 234.73, 57.7, 117.48], "iscrowd": 0, "attributes": {"occluded": false}}, {"id": 30, "image_id": 7, "category_id": 12, "segmentation": [], "area": 24745.8992, "bbox": [443.26, 277.77, 111.76, 221.42], "iscrowd": 0, "attributes": {"occluded": false}}, {"id": 31, "image_id": 7, "category_id": 1, "segmentation": [], "area": 26014.635800000004, "bbox": [267.65, 191.87, 117.49, 221.42], "iscrowd": 0, "attributes": {"occluded": false}}, {"id": 32, "image_id": 7, "category_id": 2, "segmentation": [], "area": 18292.039999999997, "bbox": [129.27, 422.83, 121.3, 150.8], "iscrowd": 0, "attributes": {"occluded": false}}, {"id": 33, "image_id": 8, "category_id": 7, "segmentation": [], "area": 38236.5956, "bbox": [262.88, 285.4, 145.16, 263.41], "iscrowd": 0, "attributes": {"occluded": false}}, {"id": 34, "image_id": 8, "category_id": 8, "segmentation": [], "area": 43341.6564, "bbox": [508.25, 231.0, 146.02, 296.82], "iscrowd": 0, "attributes": {"occluded": false}}, {"id": 35, "image_id": 8, "category_id": 2, "segmentation": [], "area": 8743.003499999992, "bbox": [716.21, 332.17, 89.81, 97.35], "iscrowd": 0, "attributes": {"occluded": false}}, {"id": 36, "image_id": 8, "category_id": 1, "segmentation": [], "area": 11853.9652, "bbox": [712.49, 225.28, 103.51, 114.52], "iscrowd": 0, "attributes": {"occluded": false}}, {"id": 37, "image_id": 9, "category_id": 14, "segmentation": [], "area": 26036.676000000007, "bbox": [173.26, 260.59, 96.4, 270.09], "iscrowd": 0, "attributes": {"occluded": false}}, {"id": 38, "image_id": 9, "category_id": 16, "segmentation": [], "area": 37476.45, "bbox": [255.34, 364.62, 141.25, 265.32], "iscrowd": 0, "attributes": {"occluded": false}}, {"id": 39, "image_id": 9, "category_id": 15, "segmentation": [], "area": 21345.9157, "bbox": [446.22, 345.53, 104.03, 205.19], "iscrowd": 0, "attributes": {"occluded": false}}, {"id": 40, "image_id": 9, "category_id": 6, "segmentation": [], "area": 6123.725100000003, "bbox": [619.92, 387.52, 79.21, 77.31], "iscrowd": 0, "attributes": {"occluded": false}}, {"id": 41, "image_id": 9, "category_id": 13, "segmentation": [], "area": 33368.965500000006, "bbox": [359.37, 206.19, 123.11, 271.05], "iscrowd": 0, "attributes": {"occluded": false}}, {"id": 42, "image_id": 9, "category_id": 8, "segmentation": [], "area": 9473.437199999995, "bbox": [561.6, 286.36, 64.04, 147.93], "iscrowd": 0, "attributes": {"occluded": false}}, {"id": 43, "image_id": 9, "category_id": 5, "segmentation": [], "area": 3289.6530000000016, "bbox": [691.4, 430.38, 71.67, 45.9], "iscrowd": 0, "attributes": {"occluded": false}}, {"id": 44, "image_id": 10, "category_id": 7, "segmentation": [], "area": 35770.522600000004, "bbox": [162.76, 310.22, 146.98, 243.37], "iscrowd": 0, "attributes": {"occluded": false}}, {"id": 45, "image_id": 10, "category_id": 8, "segmentation": [], "area": 44327.69819999999, "bbox": [404.22, 289.22, 146.98, 301.59], "iscrowd": 0, "attributes": {"occluded": false}}, {"id": 46, "image_id": 11, "category_id": 5, "segmentation": [], "area": 22730.923799999997, "bbox": [399.45, 359.85, 153.66, 147.93], "iscrowd": 0, "attributes": {"occluded": false}}, {"id": 47, "image_id": 11, "category_id": 4, "segmentation": [], "area": 40747.07880000001, "bbox": [229.57, 415.2, 183.24, 222.37], "iscrowd": 0, "attributes": {"occluded": false}}, {"id": 48, "image_id": 11, "category_id": 6, "segmentation": [], "area": 14461.265000000003, "bbox": [203.8, 226.23, 120.26, 120.25], "iscrowd": 0, "attributes": {"occluded": false}}, {"id": 49, "image_id": 12, "category_id": 8, "segmentation": [], "area": 47218.18149999999, "bbox": [456.72, 263.93, 153.65, 307.31], "iscrowd": 0, "attributes": {"occluded": false}}, {"id": 50, "image_id": 12, "category_id": 7, "segmentation": [], "area": 34671.02589999999, "bbox": [214.21, 277.77, 136.57, 253.87], "iscrowd": 0, "attributes": {"occluded": false}}, {"id": 51, "image_id": 13, "category_id": 6, "segmentation": [], "area": 15360.532000000001, "bbox": [231.48, 199.51, 118.34, 129.8], "iscrowd": 0, "attributes": {"occluded": false}}, {"id": 52, "image_id": 13, "category_id": 5, "segmentation": [], "area": 22663.83599999998, "bbox": [422.36, 360.8, 142.2, 159.38], "iscrowd": 0, "attributes": {"occluded": false}}, {"id": 53, "image_id": 13, "category_id": 4, "segmentation": [], "area": 40518.9912, "bbox": [225.66, 392.29, 171.88, 235.74], "iscrowd": 0, "attributes": {"occluded": false}}, {"id": 54, "image_id": 14, "category_id": 14, "segmentation": [], "area": 25322.140800000005, "bbox": [185.67, 251.05, 95.44, 265.32], "iscrowd": 0, "attributes": {"occluded": false}}, {"id": 55, "image_id": 14, "category_id": 16, "segmentation": [], "area": 41365.66589999999, "bbox": [266.79, 353.17, 147.93, 279.63], "iscrowd": 0, "attributes": {"occluded": false}}, {"id": 56, "image_id": 14, "category_id": 15, "segmentation": [], "area": 24867.66240000001, "bbox": [453.76, 334.08, 118.44, 209.96], "iscrowd": 0, "attributes": {"occluded": false}}, {"id": 57, "image_id": 14, "category_id": 13, "segmentation": [], "area": 34244.22819999999, "bbox": [369.87, 197.6, 125.02, 273.91], "iscrowd": 0, "attributes": {"occluded": false}}, {"id": 58, "image_id": 14, "category_id": 8, "segmentation": [], "area": 8371.887499999997, "bbox": [576.87, 278.72, 59.27, 141.25], "iscrowd": 0, "attributes": {"occluded": false}}, {"id": 59, "image_id": 14, "category_id": 6, "segmentation": [], "area": 5403.574199999999, "bbox": [633.18, 378.93, 75.49, 71.58], "iscrowd": 0, "attributes": {"occluded": false}}, {"id": 60, "image_id": 14, "category_id": 5, "segmentation": [], "area": 2735.9871999999978, "bbox": [701.9, 422.74, 69.76, 39.22], "iscrowd": 0, "attributes": {"occluded": false}}, {"id": 61, "image_id": 15, "category_id": 3, "segmentation": [], "area": 29278.275499999996, "bbox": [178.99, 176.51, 121.21, 241.55], "iscrowd": 0, "attributes": {"occluded": false}}, {"id": 62, "image_id": 15, "category_id": 11, "segmentation": [], "area": 17589.250299999992, "bbox": [15.69, 430.47, 242.51, 72.53], "iscrowd": 0, "attributes": {"occluded": false}}, {"id": 63, "image_id": 15, "category_id": 9, "segmentation": [], "area": 13795.969600000004, "bbox": [234.34, 534.5, 146.02, 94.48], "iscrowd": 0, "attributes": {"occluded": false}}, {"id": 64, "image_id": 15, "category_id": 10, "segmentation": [], "area": 31845.12740000001, "bbox": [377.5, 297.71, 160.34, 198.61], "iscrowd": 0, "attributes": {"occluded": false}}, {"id": 65, "image_id": 15, "category_id": 7, "segmentation": [], "area": 22638.314800000007, "bbox": [654.27, 343.53, 131.71, 171.88], "iscrowd": 0, "attributes": {"occluded": false}}, {"id": 66, "image_id": 15, "category_id": 6, "segmentation": [], "area": 10996.899999999996, "bbox": [659.05, 514.36, 99.25, 110.8], "iscrowd": 0, "attributes": {"occluded": false}}, {"id": 67, "image_id": 16, "category_id": 1, "segmentation": [], "area": 26777.066399999996, "bbox": [302.11, 176.13, 114.52, 233.82], "iscrowd": 0, "attributes": {"occluded": false}}, {"id": 68, "image_id": 16, "category_id": 12, "segmentation": [], "area": 26533.564499999997, "bbox": [475.71, 293.99, 120.35, 220.47], "iscrowd": 0, "attributes": {"occluded": false}}, {"id": 69, "image_id": 16, "category_id": 2, "segmentation": [], "area": 18007.153799999993, "bbox": [175.08, 430.47, 113.66, 158.43], "iscrowd": 0, "attributes": {"occluded": false}}, {"id": 70, "image_id": 17, "category_id": 6, "segmentation": [], "area": 13875.728099999998, "bbox": [261.93, 223.37, 112.71, 123.11], "iscrowd": 0, "attributes": {"occluded": false}}, {"id": 71, "image_id": 17, "category_id": 5, "segmentation": [], "area": 23334.986500000006, "bbox": [442.4, 383.71, 133.61, 174.65], "iscrowd": 0, "attributes": {"occluded": false}}, {"id": 72, "image_id": 17, "category_id": 4, "segmentation": [], "area": 47853.566800000015, "bbox": [206.67, 399.93, 201.37, 237.64], "iscrowd": 0, "attributes": {"occluded": false}}, {"id": 73, "image_id": 18, "category_id": 11, "segmentation": [], "area": 15475.553299999992, "bbox": [54.92, 434.29, 225.23, 68.71], "iscrowd": 0, "attributes": {"occluded": false}}, {"id": 74, "image_id": 18, "category_id": 3, "segmentation": [], "area": 28624.958699999992, "bbox": [205.62, 175.55, 112.71, 253.97], "iscrowd": 0, "attributes": {"occluded": false}}, {"id": 75, "image_id": 18, "category_id": 10, "segmentation": [], "area": 27516.82749999999, "bbox": [397.54, 312.13, 151.75, 181.33], "iscrowd": 0, "attributes": {"occluded": false}}, {"id": 76, "image_id": 18, "category_id": 9, "segmentation": [], "area": 10935.050999999996, "bbox": [262.98, 534.5, 131.7, 83.03], "iscrowd": 0, "attributes": {"occluded": false}}, {"id": 77, "image_id": 18, "category_id": 7, "segmentation": [], "area": 22288.223999999987, "bbox": [658.95, 353.17, 136.57, 163.2], "iscrowd": 0, "attributes": {"occluded": false}}, {"id": 78, "image_id": 18, "category_id": 6, "segmentation": [], "area": 9941.382000000003, "bbox": [669.54, 518.27, 97.35, 102.12], "iscrowd": 0, "attributes": {"occluded": false}}, {"id": 79, "image_id": 19, "category_id": 6, "segmentation": [], "area": 12139.497299999997, "bbox": [337.42, 314.51, 106.89, 113.57], "iscrowd": 0, "attributes": {"occluded": false}}, {"id": 80, "image_id": 19, "category_id": 5, "segmentation": [], "area": 18731.7114, "bbox": [527.34, 391.34, 202.33, 92.58], "iscrowd": 0, "attributes": {"occluded": false}}, {"id": 81, "image_id": 19, "category_id": 4, "segmentation": [], "area": 42169.125600000014, "bbox": [439.54, 461.96, 224.28, 188.02], "iscrowd": 0, "attributes": {"occluded": false}}, {"id": 82, "image_id": 20, "category_id": 7, "segmentation": [], "area": 34836.37460000001, "bbox": [239.97, 260.59, 140.39, 248.14], "iscrowd": 0, "attributes": {"occluded": false}}, {"id": 83, "image_id": 20, "category_id": 8, "segmentation": [], "area": 51035.393999999986, "bbox": [484.3, 247.23, 167.11, 305.4], "iscrowd": 0, "attributes": {"occluded": false}}, {"id": 84, "image_id": 21, "category_id": 14, "segmentation": [], "area": 27676.365000000013, "bbox": [175.17, 237.68, 98.3, 281.55], "iscrowd": 0, "attributes": {"occluded": false}}, {"id": 85, "image_id": 21, "category_id": 16, "segmentation": [], "area": 45564.5169, "bbox": [256.2, 344.58, 157.57, 289.17], "iscrowd": 0, "attributes": {"occluded": false}}, {"id": 86, "image_id": 21, "category_id": 15, "segmentation": [], "area": 25134.3557, "bbox": [458.53, 324.53, 116.53, 215.69], "iscrowd": 0, "attributes": {"occluded": false}}, {"id": 87, "image_id": 21, "category_id": 6, "segmentation": [], "area": 7290.911999999998, "bbox": [635.19, 370.34, 87.8, 83.04], "iscrowd": 0, "attributes": {"occluded": false}}, {"id": 88, "image_id": 21, "category_id": 5, "segmentation": [], "area": 3615.479999999998, "bbox": [704.76, 415.1, 82.17, 44.0], "iscrowd": 0, "attributes": {"occluded": false}}, {"id": 89, "image_id": 21, "category_id": 8, "segmentation": [], "area": 8626.356499999989, "bbox": [582.6, 268.22, 55.45, 155.57], "iscrowd": 0, "attributes": {"occluded": false}}, {"id": 90, "image_id": 21, "category_id": 13, "segmentation": [], "area": 35976.12800000001, "bbox": [369.77, 189.01, 131.8, 272.96], "iscrowd": 0, "attributes": {"occluded": false}}, {"id": 91, "image_id": 22, "category_id": 14, "segmentation": [], "area": 24617.63249999999, "bbox": [178.99, 228.14, 86.85, 283.45], "iscrowd": 0, "attributes": {"occluded": false}}, {"id": 92, "image_id": 22, "category_id": 16, "segmentation": [], "area": 46766.00280000001, "bbox": [259.16, 336.94, 155.56, 300.63], "iscrowd": 0, "attributes": {"occluded": false}}, {"id": 93, "image_id": 22, "category_id": 15, "segmentation": [], "area": 28396.998399999993, "bbox": [466.16, 318.81, 126.08, 225.23], "iscrowd": 0, "attributes": {"occluded": false}}, {"id": 94, "image_id": 22, "category_id": 6, "segmentation": [], "area": 6971.875200000008, "bbox": [648.55, 362.71, 84.94, 82.08], "iscrowd": 0, "attributes": {"occluded": false}}, {"id": 95, "image_id": 22, "category_id": 5, "segmentation": [], "area": 3026.756700000001, "bbox": [722.89, 411.29, 73.59, 41.13], "iscrowd": 0, "attributes": {"occluded": false}}, {"id": 96, "image_id": 22, "category_id": 8, "segmentation": [], "area": 8398.884899999994, "bbox": [590.23, 259.63, 56.41, 148.89], "iscrowd": 0, "attributes": {"occluded": false}}, {"id": 97, "image_id": 22, "category_id": 13, "segmentation": [], "area": 34534.572799999994, "bbox": [376.45, 180.42, 126.08, 273.91], "iscrowd": 0, "attributes": {"occluded": false}}, {"id": 98, "image_id": 23, "category_id": 5, "segmentation": [], "area": 19893.861, "bbox": [453.85, 411.38, 114.53, 173.7], "iscrowd": 0, "attributes": {"occluded": false}}, {"id": 99, "image_id": 23, "category_id": 4, "segmentation": [], "area": 48834.389699999985, "bbox": [176.03, 413.29, 222.47, 219.51], "iscrowd": 0, "attributes": {"occluded": false}}, {"id": 100, "image_id": 23, "category_id": 6, "segmentation": [], "area": 14710.0275, "bbox": [279.1, 235.68, 110.81, 132.75], "iscrowd": 0, "attributes": {"occluded": false}}, {"id": 101, "image_id": 24, "category_id": 11, "segmentation": [], "area": 17178.069999999985, "bbox": [69.24, 444.79, 219.5, 78.26], "iscrowd": 0, "attributes": {"occluded": false}}, {"id": 102, "image_id": 24, "category_id": 3, "segmentation": [], "area": 30662.9337, "bbox": [222.8, 187.96, 119.39, 256.83], "iscrowd": 0, "attributes": {"occluded": false}}, {"id": 103, "image_id": 24, "category_id": 10, "segmentation": [], "area": 28096.512499999997, "bbox": [414.72, 338.85, 151.75, 185.15], "iscrowd": 0, "attributes": {"occluded": false}}, {"id": 104, "image_id": 24, "category_id": 9, "segmentation": [], "area": 11815.246000000008, "bbox": [266.79, 554.54, 134.57, 87.8], "iscrowd": 0, "attributes": {"occluded": false}}, {"id": 105, "image_id": 24, "category_id": 7, "segmentation": [], "area": 21675.640800000005, "bbox": [684.72, 391.34, 131.28, 165.11], "iscrowd": 0, "attributes": {"occluded": false}}, {"id": 106, "image_id": 24, "category_id": 6, "segmentation": [], "area": 9344.832000000004, "bbox": [685.77, 560.27, 108.8, 85.89], "iscrowd": 0, "attributes": {"occluded": false}}, {"id": 107, "image_id": 25, "category_id": 1, "segmentation": [], "area": 24740.972099999995, "bbox": [273.38, 191.87, 112.71, 219.51], "iscrowd": 0, "attributes": {"occluded": false}}, {"id": 108, "image_id": 25, "category_id": 12, "segmentation": [], "area": 23666.691199999987, "bbox": [442.3, 310.22, 112.72, 209.96], "iscrowd": 0, "attributes": {"occluded": false}}, {"id": 109, "image_id": 25, "category_id": 2, "segmentation": [], "area": 16173.729599999991, "bbox": [150.26, 440.97, 107.94, 149.84], "iscrowd": 0, "attributes": {"occluded": false}}, {"id": 110, "image_id": 26, "category_id": 7, "segmentation": [], "area": 38849.3292, "bbox": [231.39, 268.22, 148.02, 262.46], "iscrowd": 0, "attributes": {"occluded": false}}, {"id": 111, "image_id": 26, "category_id": 8, "segmentation": [], "area": 55899.294, "bbox": [493.84, 241.5, 173.8, 321.63], "iscrowd": 0, "attributes": {"occluded": false}}, {"id": 112, "image_id": 27, "category_id": 3, "segmentation": [], "area": 28905.606400000004, "bbox": [242.84, 192.83, 111.76, 258.64], "iscrowd": 0, "attributes": {"occluded": false}}, {"id": 113, "image_id": 27, "category_id": 10, "segmentation": [], "area": 30435.313999999988, "bbox": [419.5, 354.12, 155.56, 195.65], "iscrowd": 0, "attributes": {"occluded": false}}, {"id": 114, "image_id": 27, "category_id": 11, "segmentation": [], "area": 18348.623699999996, "bbox": [75.82, 443.74, 215.79, 85.03], "iscrowd": 0, "attributes": {"occluded": false}}, {"id": 115, "image_id": 27, "category_id": 9, "segmentation": [], "area": 12066.353999999994, "bbox": [246.75, 561.22, 137.43, 87.8], "iscrowd": 0, "attributes": {"occluded": false}}, {"id": 116, "image_id": 27, "category_id": 7, "segmentation": [], "area": 21662.146400000016, "bbox": [693.31, 421.88, 122.69, 176.56], "iscrowd": 0, "attributes": {"occluded": false}}, {"id": 117, "image_id": 27, "category_id": 6, "segmentation": [], "area": 6233.517000000009, "bbox": [682.91, 593.67, 110.7, 56.31], "iscrowd": 0, "attributes": {"occluded": false}}, {"id": 118, "image_id": 28, "category_id": 6, "segmentation": [], "area": 13598.2812, "bbox": [298.19, 253.91, 107.94, 125.98], "iscrowd": 0, "attributes": {"occluded": false}}, {"id": 119, "image_id": 28, "category_id": 5, "segmentation": [], "area": 19949.170000000002, "bbox": [463.4, 424.74, 115.48, 172.75], "iscrowd": 0, "attributes": {"occluded": false}}, {"id": 120, "image_id": 28, "category_id": 4, "segmentation": [], "area": 53675.396199999996, "bbox": [165.53, 415.2, 243.47, 220.46], "iscrowd": 0, "attributes": {"occluded": false}}, {"id": 121, "image_id": 29, "category_id": 1, "segmentation": [], "area": 26435.3338, "bbox": [236.16, 183.28, 119.39, 221.42], "iscrowd": 0, "attributes": {"occluded": false}}, {"id": 122, "image_id": 29, "category_id": 12, "segmentation": [], "area": 22589.33819999999, "bbox": [410.81, 299.72, 112.71, 200.42], "iscrowd": 0, "attributes": {"occluded": false}}, {"id": 123, "image_id": 29, "category_id": 2, "segmentation": [], "area": 14964.752700000008, "bbox": [134.04, 437.15, 108.89, 137.43], "iscrowd": 0, "attributes": {"occluded": false}}, {"id": 124, "image_id": 29, "category_id": 7, "segmentation": [], "area": 15392.182000000004, "bbox": [735.4, 254.77, 80.6, 190.97], "iscrowd": 0, "attributes": {"occluded": false}}, {"id": 125, "image_id": 30, "category_id": 7, "segmentation": [], "area": 25989.330499999996, "bbox": [447.08, 268.22, 126.07, 206.15], "iscrowd": 0, "attributes": {"occluded": false}}, {"id": 126, "image_id": 30, "category_id": 8, "segmentation": [], "area": 40078.17159999999, "bbox": [651.32, 291.13, 164.68, 243.37], "iscrowd": 0, "attributes": {"occluded": false}}, {"id": 127, "image_id": 30, "category_id": 1, "segmentation": [], "area": 78612.8046, "bbox": [70.09, 271.09, 244.42, 321.63], "iscrowd": 0, "attributes": {"occluded": false}}]}